Pharmacy_Id,Name,Hours,Phone,Address_Zip_Code,Address_State,Address_City,Address_Street
94512,Target Pharmacy,7AM–3PM,470-400-7520,30080,GA,Smyrna,763 Erica Centers Suite 770
66065,Target Pharmacy,7AM–3PM,404-740-6341,30303,GA,Atlanta,37983 Murphy Crossroad Suite 708
41121,Target Pharmacy,11AM–9PM,470-611-6353,30075,GA,Roswell,7774 Sarah Fall
26830,Costco Pharmacy,7AM–3PM,404-734-5072,30338,GA,Dunwoody,64023 David Crossroad
68580,Target Pharmacy,7AM–3PM,678-246-3903,30328,GA,Sandy Springs,363 Jacobson Keys
15070,Costco Pharmacy,10AM–8PM,404-381-4489,30030,GA,Decatur,4573 Mack Ridge
26354,Kroger Pharmacy,9AM–7PM,470-905-4244,30075,GA,Roswell,6895 Ortiz Garden
41167,Walmart Pharmacy,11AM–9PM,678-396-5894,30080,GA,Smyrna,1395 Christopher Shores Suite 951
54095,Target Pharmacy,9AM–7PM,678-987-1940,30328,GA,Sandy Springs,249 Mullen Hollow Apt. 828
35506,Costco Pharmacy,7AM–3PM,678-557-7707,30319,GA,Brookhaven,70025 Owens Rapids Apt. 071
